file_name,text
0001956604.jpg,"drawing in black and white of Egypt pyramids with the caption ""PYRAMID"""
0027352358.jpg,"drawing of a man with a telescope looking at stars with the title ""GALILEO"""
0030367697.jpg,"picture of a black and white owl with yellow eyes and title ""MODERN BIOLOGY"""
0030367778.jpg,"image of blue background with the title ""MODERN CHEMISTRY"""
0030367867.jpg,"image of blue chemical elements with the title ""MODERN CHEMISTRY"""
0030683726.jpg,"drawing of abstract animals with the title ""ELEMENTS OF LITERATURE"""
0030683734.jpg,"drawing of white boats by the beach with people and the title ""ELEMENTS OF LITERATURE"""
006009110X.jpg,"drawing of a vampire in a black cape in a laboratory with his hunchbacked assistant and the caption ""a drop of blood"""
0060099208.jpg,"drawing of a detective in brown clothes holding a magnifying glass in a jungle with a giraffe looming from the left side behind him and the caption ""Big Max and the mystery of the missing giraffe"""
0060256710.jpg,"drawing of a black and white image with an incomplete sphere and the title ""the missing piece"""
0060271396.jpg,"drawing of three vehicles, three red buildings, two gray rats and two trash cans around the title ""Trashy town"""
0060279028.jpg,"drawing of people, animals, and angels celebrating with the tile ""JOY TO THE WORLD"""
0060280751.jpg,"drawing of a man and his son with the caption ""MY DADDY, Dr. Martin Luther King, Jr."""
0060283246.jpg,"drawing of a black and white cat looking at cupcakes of different colors and the title ""If you give a cat a cupcake"""
0060284870.jpg,"drawing of a hen on the bank of a river and a crocodile coming out of the river under the caption ""Crocodile and hen"""
0060287934.jpg,"drawing of a giant turtle by the river with the title ""Galápagos George"""
0060291907.jpg,"drawing of a boy looking up at some paper animals with the caption ""My Chinatown"""
0060526335.jpg,"drawing of children playing with sticks and the title in red ""ROXABOXEN"""
0060560452.jpg,"drawing of a person driving a red car under the title ""My Car"""
0060560665.jpg,"drawing of a happy white rat with a pink dress and below the caption ""LILLY'S CHOCOLATE HEART"""
0060565098.jpg,"drawing of a family with a baby and a dog and the title ""The First Four Years"""
0060576154.jpg,"picture in grey of a man with hat and the title ""TIME FOR KIDS Biographies Franklin D. Roosevelt A LEADER IN TROUBLED TIMES"""
0060589450.jpg,"drawing of a clock with background of different images and the title ""THE STORY OF CLOCKS AND CALENDARS"""
0060591374.jpg,"drawing of a boy wearing a hat surrounded by red apples and the title ""JOHNNY APPLESEED"""
0060728396.jpg,"image of a boy riding a black horse with two birds and the title ""OATH BREAKER"""
0060732113.jpg,"drawing of six mice wearing clothes around the title ""A BOX OF TREATS"""
0060759046.jpg,"drawing of a yellow dog with red collar below the caption ""Biscuit"""
0060760907.jpg,"drawing of three women in an orange city with the title ""One Crazy Summer"""
0060782188.jpg,"picture of a pink flower with the title ""TIME FOR KIDS Plants!"""
0060815566.jpg,"image with a collage of persons' faces and the title ""PRESIDENTS of the United States"""
006085281X.jpg,"drawing of a raccoon eating bread with jam with the title ""THE FRANCES AUDIO COLLECTION"""
0060877138.jpg,"picture of a white shark with the title ""SHARKS"""
0060877197.jpg,"image of a human brain with the title ""THE BRAIN"""
0060928689.jpg,"drawing of a girl dancing on a cobblestone path below the caption ""Fanny at Chez Parisse"""
0061123250.jpg,"drawing of a pig drawn with black lines next to the title ""NOT A STICK"""
0061131679.jpg,"drawing of a stray cat with a yellow background and the caption ""WARRIORS FIRESTAR'S QUEST"""
0061215341.jpg,"drawing of a dog with four chickens next to the title ""THE Trouble WITH CHICKENS"""
006122779X.jpg,"drawing of a soccer player kicking the soccer ball with the title ""Pelé King of soccer El rey del fútbol"""
0061234796.jpg,"drawing of two kids with a red guitar and a school bus with the title ""Mr. Louie is screwy!"""
0061235989.jpg,"drawing of two girls next to a banquet with the caption ""Fancy Nancy Our Thanksgiving banquet"""
0061240354.jpg,"picture of a labrador dog puppy with the title ""Marley A DOG LIKE NO OTHER"""
0061255122.jpg,"picture of a wooden cabin with fireplace and the title ""THE LITTLE HOUSE GUIDEBOOK"""
0061547948.jpg,"drawing of cats of different colors with the title ""WARRIORS"""
0061688665.jpg,"drawing of cats of different colors in a yard and the title ""WARRIORS"""
0061704040.jpg,"picture of baseball players and the title ""WILLIE & ME"""
0061756903.jpg,"drawing of a boy and a girl surfing in the sea below the title ""Dude Fun with Dude and Betty"""
0061804428.jpg,"drawing of a girl holding a strike signal outside a building with the title ""BRAVE GIRL"""
0061935069.jpg,"drawing of a yellow dog reading a book with the title ""Biscuit loves the library"""
0061963739.jpg,"drawing of a boy staring at a painting of funny glasses with the title ""FUNNY BUSINESS"""
0061996572.jpg,"drawing of a dog and a cat under a Christmas tree with the caption ""CHARLIE and the Christmas kitty"""
0062012932.jpg,"drawing of Halloween monters around a pumpking with the carved title ""HALLOWEEN NIGHT"""
0062020552.jpg,"drawing of three kids at the entrance of a blue castle above the title ""STORY'S END"""
0062086707.jpg,"drawing of three kids riding horses in a forest with the caption ""I Can Read! 2 The Trail Ride"""
0062104950.jpg,"drawing of two girls and two swans in a forest with the title ""The SCHOOL of GOOD AND EVIL THE LAST EVER AFTER"""
0062110586.jpg,"drawing of a cat on a red skateboard and the title ""Pete the Cat"""
0062110667.jpg,"drawing of a cat playing baseball with the caption ""I Can Read! Pete the Cat PLAY BALL"""
0062117459.jpg,"drawing of four warriors with blades and the title ""THE HERO'S GUIDE TO Saving The Kingdom"""
0062219111.jpg,"drawing of a dog playing in the snow under the title ""CHARLIE the Ranch Dog Charlie's SNOW DAY"""
0062223461.jpg,"drawing of six yellow bears reading a book with the title ""The Berenstain Bears PHONICS FUN"""
0062224085.jpg,"drawing of a green monster on an air balloon with the title ""FORTUNATELY, THE MILK"""
0062266934.jpg,"drawing of a hen and a dog dancing with the caption ""TUG THE PUP"""
0062272160.jpg,"drawing of a boy running with the title ""EIGHTH DAY"""
0062274686.jpg,"drawing of three sleepy chickens below the title ""Bedtime for Chickens"""
0062288849.jpg,"drawing of a girl dressed as a fairy with the title ""FANCY NANCY Fabulous Fall Story Collection"""
0062294962.jpg,"drawing of a man and two zombies with the caption ""PLANTS vs. ZOMBIES SAVE YOUR BRAINS!"""
0062303856.jpg,"drawing of a cat riding a red and yellow train with the title ""Pete the Cat's TRAIN TRIP"""
0062330160.jpg,"drawing of a girl in pink swimsuit holding a mermaid doll below the caption ""Aqualicious"""
0062335367.jpg,"drawing of a penguin standing on ice and the title ""Little Penguin Gets the Hiccups"""
0062347772.jpg,"drawing of a dog wearing sunglasses over a pink blanket and the caption ""CHARLIE the Ranch dog ROCK STAR"""
0062360639.jpg,"drawing of a boy holding a box with a brown dog inside and the title ""THE HENRY AND RIBSY BOX SET"""
0062364278.jpg,"drawing of a boy and a dog by a river with fish and the caption ""BEYOND the POND"""
0062367153.jpg,"drawing of a cat's face and the title ""THE NEW PROPHECY WARRIORS"""
0062367161.jpg,"drawing of a cat's face and the title ""POWER OF THREE WARRIORS"""
006236717X.jpg,"drawing of a book with plants coming from the inside and the title ""WRITING MAGIC"""
0062367919.jpg,"drawing of a green living room with the moon through the window and the title ""GOODNIGHT MOON BUENAS NOCHES LUNA"""
0062387588.jpg,"picture of a soccer goalkeeper stopping a ball with the title ""THE KEEPER THE UNGUARDED STORY OF TIM HOWARD"""
0062420399.jpg,"picture of a police dog with the title ""MAX BEST FRIEND HERO MARINE"""
0062422790.jpg,"drawing of a bear with red hat and blue shirt and the title ""PADDINGTON"""
0062430610.jpg,"drawing of a cat surrounded by a pink heart and yellow flowers with the caption ""Pete the Cat's Groovy Guide to Love"""
0064400409.jpg,picture of a box set with coloured books and a cover of an old car
0064401324.jpg,"picture of a black and a white sled dogs with the title ""STONE FOX"""
0064404781.jpg,"drawing of a girl with a red dress in the field below the title ""Little House on Rocky Ridge"""
0064408884.jpg,"drawing of a black and white arm grabbing a foot with the title ""Skeleton man"""
0064409597.jpg,"drawing of a yellow dog with the title ""LOVE THAT DOG"""
0064430103.jpg,"drawing of a dog in the beach with an umbrella and the caption ""HARRY BY THE SEA"""
0064430871.jpg,"drawing of a rooster in a farm below the title ""Chanticleer AND THE FOX"""
0064432807.jpg,"drawing of an astrounaut in space with the title ""I Want To Be an Astronaut"""
0064432955.jpg,"drawing of a man riding a bicycle with the title ""BICYCLE RIDER"""
0064434435.jpg,"drawing of two dogs staring at each other and the title ""HARRY el perrito sucio"""
0064435776.jpg,"drawing of a grey dragon and a boy with a sword and the title ""THE IRISH CINDERLAD"""
0064436020.jpg,"drawing of two yellow ducks dressed and dancing over tomatoes with the title ""I LOVE YOU! A Bushel & A Peck"""
0064437930.jpg,"drawing of a man riding an elephant in a forest with the caption ""CIRCUS CAPS FOR SALE"""
0064438783.jpg,"drawing of a man and a elf around a bonfire below the title ""The leprechaun's Gold"""
0064440028.jpg,"drawing of a boy riding a yellow dinosaur and the title ""DANNY AND THE DINOSAUR"""
0064440214.jpg,"drawing of two frogs riding a bicycle with the title ""Frog and Toad Together"""
0064440419.jpg,"drawing of a mouse in a bowl and the title ""MOUSE SOUP"""
0064442705.jpg,"drawing of three kids and a seal in a city with the caption ""Sammy The seal"""
0064450260.jpg,"drawing of a girl eating corn in a field with the title ""CORN IS MAIZE The gift of the indians"""
006445083X.jpg,"drawing of a smiling boy with the title ""My five senses"""
0064450937.jpg,"drawing of three kids grabbing fossils below the title ""FOSSILS TELL OF LONG AGO"""
006445097X.jpg,"drawing of two boys with a cat and a dog below the captions ""SWITCH ON"" and ""SWITCH OFF"""
0064451569.jpg,"drawing of turtles by a river under the title ""Look Out For Turtles!"""
0064451887.jpg,"drawing of two deers crossing the road in a forest with the title ""EARTHQUAKES"""
0064462080.jpg,"picture of a girl with a red scarf and the title ""RED SCARF GIRL A MEMOIR OF THE CULTURAL REVOLUTION"""
0064472590.jpg,"drawing of a man's face and a baseball player with a boy below the caption ""SHOELESS JOE & ME"""
0071408223.jpg,"drawing of people, animals, a house, and colorful clothes with the title ""LET'S LEARN ENGLISH PICTURE DICTIONARY"""
0078688760.jpg,"drawing of a knight armor and a japanese feudal castle with the title ""Medieval and Early Modern Times"""
0131280732.jpg,"pictures of an astronaut, a house, and a lake with the title ""WORLD STUDIES MEDIEVAL TIMES TO TODAY Ideal for Notetaking"""
0131901974.jpg,"picture of colorful fish in a green background with the title ""Life Science"""
013319552X.jpg,"picture of a man walking under a red umbrella and his dog being illuminated with the title ""LITERATURE"""
0140385061.jpg,"drawing of food ingredients with the title ""Cookbook"""
0140501738.jpg,"drawing of a bear with green pants and the title ""CORDUROY"""
0140508198.jpg,"drawing of a pig in a green dress with the caption ""I LIKE ME!"""
0140544518.jpg,"drawing of a wolf with glasses in a paper with the title ""THE 3 LITTLE PIGS!"""
0140558640.jpg,"drawing of a girl and a little man with a sewing wheel and the title ""Rumpelstiltskin"""
0140565485.jpg,"drawing of children playing and holding hands with the title ""De Colores and Other Latin-American Folk songs for children"""
0140567356.jpg,"drawing of a frog, a turtle, and a beaver holding a pine tree with the title ""FROGGY'S BEST CHRISTMAS"""
0141352523.jpg,"drawing of three zombies and a plant with the title ""PLANTS VS. ZOMBIES SHUFFLE & STICK ACTIVITY BOOK"""
0142300187.jpg,"drawing of a girl ballet dancer sitting with the title ""TALLCHIEF America's Prima ballerina"""
0142300683.jpg,"drawing of a duck, a frog, and a pig with costumes and the title ""FROGGY'S HALLOWEEN"""
0142401099.jpg,"drawing of a yellow star with the title ""The Devil's Arithmetic"""
0142401137.jpg,"picture of a colorful paper crane with the title ""SADAKO and the thousand paper cranes"""
0142401870.jpg,"drawing of a girl cooking and the caption ""Adelita"""
0142403709.jpg,"drawing of a white hat and gloves with the title ""Al Capone Does My Shirts Alcatraz"""
0142403997.jpg,"drawing of a girl in a tower and a boy and his horse below with the caption ""Falling for Rapunzel"""
0142404667.jpg,"drawing of a green turtle and a red beaver swimming with the caption ""Turtle's race with beaver"""
014240621X.jpg,"drawing of three mice dressed for Halloween under the title ""Angelina's Halloween"""
0142408212.jpg,"drawing of a man with red clothes and wooden wings with the title ""GIANTS SCIENCE LEONARDO DA VINCI"""
0142408255.jpg,"drawing of a boy and a dog in a garden with the title ""If I built a car"""
0142411531.jpg,"picture of a boy with a basketball and the title ""MIKE LUPICA SUMMER BALL"""
0142414417.jpg,"picture of a boy grabbing a basketball and the title ""MIKE LUPICA HOT HAND"""
014241557X.jpg,"picture of a girl's face and the caption ""wintergirls"""
0142418447.jpg,"picture of a boy kicking a soccer ball with the title ""MIKE LUPICA SHOOT-OUT"""
0142419605.jpg,"picture of a city with the front caption ""MIKE LUPICA HERO"""
0142422886.jpg,"drawing of children playing soccer and the title ""Encyclopedia Brown and the case of the soccer scheme"""
0142425710.jpg,"drawing of a haunted house and children with the title ""The Ghosts of Tupelo Landing"""
014242580X.jpg,"drawing of buildings on hills and the title ""LOST CITY The Discovery of Machu Picchu"""
0142500216.jpg,"drawing of a squirrel and a butterfly with the title ""How Chipmunk got his stripes"""
0142501417.jpg,"drawing of a ballerina with white tutu and the caption ""Dancing in the wings"""
014250162X.jpg,"drawing of two rabbits dressed and dancing below the caption ""BUNNY PARTY"""
0147512816.jpg,"drawing of a black rat and the title ""OH, RATS!"""
0152002197.jpg,"drawing of a boy and two goats with the caption ""Trouble"""
0152012982.jpg,"picture of a woman with wires and the title ""I want to be... AN ENGINEER"""
015201389X.jpg,"drawing of a boy a man with white and black clothes below the title ""Encounter"""
015202154X.jpg,"drawing of three tools of a toolbox with the caption ""My little Red toolbox"""
0152022988.jpg,"drawing of a spoon and plate with faces and the title ""And the DISH Ran Away with the SPOON"""
0152024492.jpg,"drawing of a colorful bird and the title ""RAVEN"""
0152047131.jpg,"drawing of boys in a flying car and the title ""CARL SANDBURG MORE ROOTABAGA STORIES"""
0152047735.jpg,"drawing of a boy and a man in front of a red bridge with the title ""PUP'S BRIDGE"""
0152050841.jpg,"picture of a blue bird and a red sunflower with the caption ""Once upon a Marigold"""
0152052518.jpg,"drawing of people waving at a girl with white coat and the title ""AMERICA'S CHAMPION SWIMMER GERTRUDE EDERLE"""
0152056254.jpg,"drawing of an eagle, a girl, and a man with the caption ""THE SPOON IN THE BATHROOM WALL"""
015205961X.jpg,"drawing of a yellow airplane with the captions ""Sometimes"" and ""Algunas veces"""
0152163565.jpg,"drawing of a crocodile with a monkey in his mouth and the title ""Counting Crocodiles"""
0152280510.jpg,"drawing of a colorful fish and the title ""Fish Eyes"""
0152309799.jpg,"drawing of a girl and geese with the title ""THE GIRL WHO DREAMED ONLY GEESE"""
0153248092.jpg,"picture of a black and white background with the caption ""Harcourt School Publishers Horizons: Student Edition Can-Mex-Central Amer 2003"""
0156012197.jpg,"drawing of a kid on the moon and stars in blue sky with the title ""The Little Prince"""
0192816993.jpg,"drawing of a girl in a carriage and the title ""HANS ANDERSEN'S FAIRY TALES"""
0233997377.jpg,"picture of a man in a suit with the title ""ANDY COLE"""
0237511622.jpg,"picture of a black and white background and the caption ""Communications (Facing the Future)"""
0307001458.jpg,"drawing of a stripped cat and a butterfly with the title ""THE SHY LITTLE KITTEN"""
0307010856.jpg,"drawing of a blue smiling monster and the title ""the MONSTER at the end of this Book"""
0307021068.jpg,"drawing of a girl holding a rabbit and the title ""PRAYERS FOR CHILDREN"""
0307021688.jpg,"drawing of a lion and four rabbits eating carrots with the title ""TAWNY SCRAWNY LION"""
0307119386.jpg,"drawing of a rabbit with clothes next to a bed with the title ""ALL BY MYSELF"""
0307261050.jpg,"drawing of a rabbit, a frog, a rat, and a bird staring at stars with the title ""I Like Stars"""
0307929574.jpg,"drawing of a sleepy pink dragon and the title ""Good Night, Little Dragons"""
0307930092.jpg,"drawing of a brown and white rabbit with the title ""HOME FOR A BUNNY"""
0307930289.jpg,"drawing of two mermaid kids with a dog and the title ""IT'S TIME FOR BUBBLE PUPPY!"""
0307931625.jpg,"drawing of a mouse and baby animals with the caption ""BABYMOUSE BAD BABYSITTER"""
0307931803.jpg,"drawing of a red fox with blue socks and the title ""FOX in Socks Dr. Seuss's"""
0307976440.jpg,"drawing of a smiling girl in a pink dress with a unicorn and the title ""A Princess Like Me"""
030797698X.jpg,"drawing of a dancing girl with a pink tutu and the title ""Not That Tutu!"""
0307977455.jpg,"drawing of Santa Claus with toys and the title ""Favorite Little Golden Books for CHRISTMAS"""
030797751X.jpg,"picture of a girl's face with shadows and the title ""THE STRANGE MAID"""
0307977765.jpg,"drawing of two boys in a park with the title ""BALLPARK Mysteries THE WRIGLEY RIDDLE"""
0307978060.jpg,"drawing of an elephant and the title ""Where's Ellie?"
0307980790.jpg,"drawing of a woman with shiny yellow gloves and the title ""LUNCH LADY"""
0307982033.jpg,"drawing of three trains with faces and the caption ""THOMAS' 123 BOOK"""
0310725402.jpg,"picture of a hockey player with the title ""Defender of Faith"""
0310734215.jpg,"picture of a girl holding a big paper with text and the title ""OUR Constitution ROCKS!"""
0310745551.jpg,"drawing of a boy and a girl surfing in the sea with the title ""Burned"""
031236752X.jpg,"drawing of a white rabbit playing with a yellow airplane and the caption ""My Friend Rabbit"""
0312493894.jpg,"picture of a black and yellow truck with the caption ""trucks bright baby"""
0312499094.jpg,"picture of four trucks and the title ""Trucks"""
031250215X.jpg,"picture of two chickens with the title ""Numbers Números"""
0312508670.jpg,"picture of different objects and a hand with the title ""Workbook Uppercase Alphabet ABC"""
0312508700.jpg,"picture of different objects and a hand with the title ""Workbook Tracing and Pen Control"""
0312510829.jpg,"picture of eight farm objects and animals with the title ""My big farm book"""
031251106X.jpg,"picture of twelve trucks with the title ""My big truck book"""
0312513380.jpg,"drawing of a yellow chandelier with nine candles and the title ""Hanukkah"""
031251381X.jpg,"picture of two dog puppies and other animals with the title ""Noisy pets"""
0312515111.jpg,"drawing of a green dinosaur with the title ""Dinousaurs"""
0312518714.jpg,"drawing of a turkey and the title ""Happy Thanksgiving"""
0312518919.jpg,"drawing of a bee and the title ""Fuzzy bee and friends"""
0312628994.jpg,"drawing of an ant with a pencil and a deer with the caption ""Dear Deer"""
0312672896.jpg,"drawing of a boy and a dog of strokes with the title ""My Life as a Book"""
0316019984.jpg,"drawing of three superheroes with the title ""DC SUPER HEROES"""
0316044822.jpg,"drawing of three basketball players and the title ""MATT CHRISTOPHER HOT SHOT"""
0316045462.jpg,"drawing of a girl in the jungle with animals and the title ""Me...Jane"""
0316070297.jpg,"drawing of a boy and a green monster with clothes and the title ""My Teacher is a MONSTER!"""
0316101834.jpg,"drawing of four children and the title ""WHAT'S THE BIG SECRET?"""
0316132888.jpg,"drawing of a metallic dinosaur in a building with the title ""REVENGE OF THE DINOTRUX"""
0316133922.jpg,"drawing of a metallic dinosaur and the title ""DINOTRUX"""
0316137995.jpg,"picture of a hockey player and the title ""On the Ice with... Mario Lemieux"""
0316199125.jpg,"picture of a baseball player with the caption ""LITTLE LEAGUE PERFECT GAME"""
0316201553.jpg,"drawing of two kids running in a forest with the title ""The LAND OF STORIES"""
0316210463.jpg,"drawing of a red air balloon and the title ""Courage for Beginners"" "
0316219819.jpg,"drawing of a hand with a spiral background and the title ""THE SECRET SERIES"""
0316225614.jpg,"drawing of two boys, a monkey, and a snake in a boat with the title ""THE LONELY LAKE MONSTER"""
031622569X.jpg,"drawing of two boys and a monkey with the title ""THE SASQUATCH ESCAPE"""
0316230375.jpg,"drawing of a girl with two red birds and the title ""BESOS FOR BABY"""
0316257621.jpg,"drawing of two colorful unicorns and the title ""LITTLE PONY PHONICS BOX"""
0316261513.jpg,"drawing of a girl in a red chair and a black cat with the title ""THE LAND OF STORIES"""
031628680X.jpg,"picture of a boy with the title ""AUSTIN MAHONE Just How It Happened"""
0316293245.jpg,"drawing of five characters with the title ""GUARDIANS OF THE GALAXY THE JUNIOR NOVEL"""
0316300381.jpg,"drawing of knights and a horse with a castle and the title ""KNIGHTS IN SHINING ARMOR"""
0316301191.jpg,"drawing of three girly monsters and the title ""MONSTER HIGH BOO YORK"""
0316354511.jpg,"drawing of a girl and a bird in her shoulder with the title ""SNOW WHITE"""
031637086X.jpg,"drawing of people on a boat in the jungle with the title ""TREASURE HUNTERS"""
0316377325.jpg,"drawing of five boys and a girl with purple coat with the title ""TEEN TITANS GO! RAVEN ROCKS"""
0316404977.jpg,"drawing of two fish in a fishbowl and the title ""The Goodbye Book"""
0316410799.jpg,"drawing of a girl with a colorful dress and the title ""SUNSET SHIMMER'S TIME TO SHINE"""
0316523755.jpg,"drawing of a girl with braided hair and the title ""I Love My Hair!"""
0316565946.jpg,"drawing of a girl with a pink dress and the title ""Invincible Louisa"""
0316796433.jpg,"drawing of a snow skateboarder and the title ""MATT CHRISTOPHER SNOWBOARD CHAMP"""
032823978X.jpg,"picture of a castle and a compass and the title ""SOCIAL STUDIES THE WORLD"""
0333441664.jpg,"picture of two builders in a city with the title ""SKYSCRAPERS"""
0333454030.jpg,"picture of a white and red background with the title ""How We Build: Tunnels"""
0340850469.jpg,"picture of abstract images and the title ""Religion and Society"""
0340915307.jpg,"picture of a sphere and abstract shapes with the title ""DiDA Unit 2: Multimedia"""
0374300003.jpg,"children's picture of a boy, two dogs, and monsters in the back with the title ""THE FUN BOOK OF SCARY STUFF"""
0374300917.jpg,"picture of a blue fish toy with the title ""The Pout-Pout Fish BOOK AND FISH TANK"""
0374301891.jpg,"drawing of a big blue fish with the title ""The Pout-Pout Fish in the Big-Big Dark"""
0374311021.jpg,"drawing of a dog holding a branch with the caption ""Carl's Christmas"""
0374312494.jpg,"drawing of a boy sitting on the top of an ancient greek building with the title ""WISE GUY The Life and Philosophy of Socrates"""
0374324255.jpg,"drawing of sunflowers with a boy in a garden and the title ""GIFT OF THE SUN"""
0374327602.jpg,"picture in black and white of a woman with stamps and the title ""Grace in the Wilderness"""
0374343888.jpg,"drawing of a girl dragging cart with books and a cat with the title ""THE Library"""
0374354863.jpg,"drawing of a man and a boy in a meadow with the title ""Nabulela"""
0374380104.jpg,"drawing of a blue fish under a leaf with the title ""Sweet Dreams, Pout-Pout Fish"""
0374380503.jpg,"drawing of a crocodile cooking in a pot and the title ""GATOR GUMBO"""
0374436363.jpg,"drawing of adults and children in a small house with the title ""IT COULD ALWAYS BE WORSE"""
0375802983.jpg,"picture of a golden Egyptian head and the title ""FACT TRACKER Mummies and Pyramids"""
0375803297.jpg,"drawing of a family by a table with candles and the title ""TOGETHER FOR KWANZAA"""
0375811206.jpg,"drawing of two men and a dog with the title ""Lewis and Clark A prairie dog for the president"""
0375811249.jpg,"drawing of three bears with clothes and the title ""The Berenstain Bears' DOLLARS AND SENSE"""
0375812970.jpg,"drawing of a dinosaur in a forest with the title ""T.REX HUNTER OR SCAVENGER?"""
0375821783.jpg,"drawing of a green happy worm with shoes and the title ""One Hundred Shoes"""
0375823034.jpg,"drawing of dinosaurs with the title ""Raptor Pack"""
037582636X.jpg,"drawing of a person riding a horse in a street market with the title ""Arabian nights"""
0375831150.jpg,"drawing of a man with a machine with people in the back and the title ""LISTEN UP! Alexander Graham Bell's Talking Machine"""
0375831177.jpg,"drawing of a white unicorn with wings and the title ""UNICORN WINGS"""
0375833870.jpg,"drawing of colorful fish with the captions ""Dr. Seuss's One Fish. Two Fish. Three. Four. Five, Fish!"""
0375834060.jpg,"drawing of a black horse by the sea with the title ""THE BLACK STALLION ADVENTURES!"""
0375837981.jpg,"drawing of a mouse in a dress with many gifts and the title ""BABYMOUSE HEARTBREAKER"""
0375839410.jpg,"drawing of children with a man holding a little lamb with the title ""The Story of Jesus"""
0375839887.jpg,"drawing of a mouse with a green suit in a field with the title ""CAMP BABYMOUSE"""
0375840141.jpg,"drawing of kids holding pumpkins and the title ""how many seeds in a pumpkin?"""
0375843221.jpg,"picture of a red box with a happy train and the title ""THOMAS & FRIENDS"""
0375844457.jpg,"drawing of a girl and a monster with the title ""RUNEMARKS"""
0375851372.jpg,"drawing of a dragon inside a house by a garden with the title ""There's NO Such Thing as a DRAGON"""
0375852042.jpg,"drawing of a brown horse with the captions ""HORSE DIARIES Bell's Star"""
0375853421.jpg,"drawing of a yellow monster in a dark forest with the title ""What was I Scared of? By Dr. Seuss"""
0375856633.jpg,"drawing of kids wearing costumes and the title ""Calendar Mysteries"""
0375857214.jpg,"drawing of a man holding a green frog puppet and the title ""JIM HENSON The Guy Who Played with Puppets"""
0375858938.jpg,"drawing of a boy and a dog staring at animals' drawings on the wall with the title ""Discovery in the Cave"""
0375859608.jpg,"drawing of a yellow monster with the captions ""Dr. Seuss's Do You Like Green Eggs and Ham?"""
0375861513.jpg,"drawing of colorful dinosaurs with the title ""Triceratops for Lunch"""
0375864350.jpg,"drawing of colorful monsters and children with the title ""The Bippolo Seed and Other Lost Stories by Dr. Seuss"""
0375865446.jpg,"drawing of a girl running and the title ""Nothing but Trouble The Story of Althea Gibson"""
0375868801.jpg,"drawing of a green and yellow monster with children and the title ""AZ Mysteries NEW YEAR DRAGON DILEMMA"""
0375868852.jpg,"drawing of two kids sitting in steps with the title ""BALLPARK Mysteries THE L.A. DODGER"""
0375870733.jpg,"drawing of a cat with a red hat swimming with a shark and the title ""HARK! A SHARK!"""
0375870768.jpg,"drawing of a cat with a red hat, kids, and a tree with the title ""Out of Sight Till Tonight!"""
037587366X.jpg,"drawing of a family of four bears with the title ""The big book of Berenstain Bears Beginner books"""
037596679X.jpg,"drawing of a dinousaur in the jungle with the title ""DINOUSAURS"""
0380727692.jpg,"drawing of a mouse holding a stick with the title ""AVI Poppy"""
0380974975.jpg,"drawing of a man surrounded by paper sheets and the title ""A KID'S GUIDE TO AMERICA'S BILL OF RIGHTS"""
0385325746.jpg,"drawing of men working in a building and the title ""Inside the ALAMO"""
0385371659.jpg,"drawing of kids behind a fence with a turkey drawing and the title ""Calendar Mysteries November Night"""
038537254X.jpg,"drawing of a dog with a red shoe in its mouth and the title ""Drop it Rocket!"""
0385372833.jpg,"drawing of a red monster with the title ""ELMO LOVES YOU"""
0385376197.jpg,"drawing of a fox and a little cookie with the title ""The Gingerbread Man"""
0385376448.jpg,"drawing of two trains with happy faces and the title ""NINE FAVORITE TALES"""
0385386419.jpg,"picture of a shark with the title ""Sharks and Other Predators"""
0385387814.jpg,"drawing of two men with a dragon and the title ""THRONES & BONES FROSTBORN"""
0385392702.jpg,"drawing of colorful planes and a helicopter with the title ""Richard Scarry's PLANES"""
0385743785.jpg,"drawing of a forest with the title ""FUZZY MUD"""
0385754930.jpg,"drawing of three ninja rabbits and the title ""NiNJA BuNNY"""
039480001X.jpg,"drawing of a cat with a red hat and the title ""THE CAT IN THE HAT By Dr. Seuss"""
0394800230.jpg,"drawing of an orange fish in a water slide with the title ""A FISH OUT OF WATER"""
0394800923.jpg,"drawing of a yellow dromedary and a cat by a tree with the title ""I Had TROUBLE in getting to SOLLA SOLLEW"""
0394800931.jpg,"drawing of a yellow dog holding a frame with text and the captions ""MY Book about ME"" and ""By ME, Myself"""
0394832434.jpg,"drawing of two kittens with the title ""KITTENS Are Like That"""
0394842553.jpg,"drawing of a green bird reading a book and the caption ""Oh say can you say?"""
0394848365.jpg,"drawing of bears at the dentist with the title ""The Berenstain Bears VISIT THE DENTIST"""
0394848837.jpg,"drawing of men staring at a lighted bulb with the title ""Thomas Alva Edison"""
0394865804.jpg,"drawing of two blue flags and the captions ""The Butter Battle Book"" and ""By Dr. Seuss"""
0394868773.jpg,"drawing of a cat and a dog in a bed with the title ""Sleepy Dog"""
0394874714.jpg,"picture of a shark with the title ""Hungry, Hungry Sharks!"""
0394881788.jpg,"drawing of a girl and colorful toys with gifts and the title ""The Story of the NUTCRACKER BALLET"""
0395587611.jpg,"drawing of two kids walking with a house behind and the title ""AN ISLAND CHRISTMAS"""
0395653614.jpg,"drawing of a boy in a horse and the title ""The Little Humpbacked Horse"""
0395730910.jpg,"drawing of people and forest with the title ""Right Here on This Spot"""
0395735734.jpg,"drawing of a bird with the sun behind and the title ""CRY OF THE BENU BIRD"""
0395811333.jpg,"drawing of men looking at two persons and the title ""Forty Fortunes"""
0395816599.jpg,"drawing of a red truck in a city with the title ""Fireman Small"""
0395900158.jpg,"drawing of a dressed butterfly in a field with the title ""THE BEAUTIFUL BUTTERFLY"""
0395913624.jpg,"picture in black and white of a boy and a train with the title ""ORPHAN TRAIN RIDER ONE BOY'S TRUE STORY"""
0395919088.jpg,"drawing of a monkey sitting by a table and eating with the title ""Curious George Makes Pancakes"""
0399162593.jpg,"drawing of a fish in a tree with the title ""FISH IN A TREE"""
0399163964.jpg,"drawing of animals and a scarecrow with the title ""Otis AND THE Scarecrow"""
0399167919.jpg,"drawing of an astronaut and an airship with the title ""ONCE upon an ALPHABET"""
0399173145.jpg,"drawing of Santa Claus in a snowfall with the title ""DREAM SNOW"""
0399212582.jpg,"drawing of an old lady and a goose with the title ""MOTHER GOOSE"""
0399216197.jpg,"drawing of a wolf with the caption ""LonPoPo"""
0399225072.jpg,"drawing of a girl and two little boys in a snowy forest with the title ""CHRISTMAS TROLLS"""
0399226842.jpg,"drawing of a cricket with the title ""The Very Quiet Cricket"""
0399234160.jpg,"drawing of a boy in a garden and the title ""STAND TALL, MOLLY LOU MELON"""
039924039X.jpg,"drawing of a girl looking at Lincoln's statue with the caption ""Looking at LINCOLN"""
0399243003.jpg,"drawing of a security guard and a gorila with the title ""BUENAS NOCHES, GORILA"""
039924395X.jpg,"drawing of two bears below the caption ""You are my I Love you"""
0399246002.jpg,"drawing of two colorful fish and the title ""ARTIST to artist"""
0399255370.jpg,"drawing of four colorful crayons with the title ""THE DAY the CRAYONS QUIT"""
0399528970.jpg,"picture of a Buddha statue with the captions ""WIDE AWAKE"" and ""A Buddhist Guide for Teens"""
0431162638.jpg,"picture of people at a food feast with the title ""My Chinese New Year"""
043117895X.jpg,"picture of a black and grey background with the title ""Very Useful Machines: Wheels Hardback"""
0439020816.jpg,"drawing of a yellow dinosaur with people and the title ""How Do Dinosaurs Go to School?"""
0439110165.jpg,"picture of a dog shaped bananas and a bowl with the title ""DOG FOOD"""
0439203074.jpg,"drawing of a forest fire with the title ""The Great Fire"""
0439269679.jpg,"drawing of a woman with the title ""When Marian Sang"""
0439405572.jpg,"drawing of half the face of an owl with the title ""The Capture"""
0439440645.jpg,"drawing of a boy holding a blade and the title ""King Arthur"""
0439530822.jpg,"picture of two adults and a kid with the title ""ISLAND OF HOPE"""
043954324X.jpg,"drawing of two knights and a yellow castle with the title ""Castle"""
0439567068.jpg,"drawing of people by their houses with the title ""Lived When There Was Slavery in America"""
0439639069.jpg,"drawing of a face with the title ""THERE WAS AN OLD LADY WHO SWALLOWED FLY GUY"""
0439666538.jpg,"picture of a chameleon with the title ""CHAMELEON, CHAMELEON"""
0439706408.jpg,"drawing of a boy cartoon holding a map with the title ""BONE"""
0439802512.jpg,"picture of children with the title ""SHADES of BLACK A CELEBRATION OF OUR CHILDREN"""
0439846811.jpg,"drawing of a boy, a girl, and a rabbit by a door with the title ""AMULET"""
043985654X.jpg,"drawing of a dinousaur in a slide with the title ""How Do dinousaurs play with their friends?"""
0439873908.jpg,"drawing of a family of turkeys with the title ""The Best Thanksgiving Ever!"""
044022800X.jpg,"picture of a boy and a car with the title ""THE WATSONS GO TO BIRMINGHAM"""
0440228433.jpg,"drawing of two hands holding a paper crane with the title ""ONE THOUSAND PAPER CRANES"""
0440406943.jpg,"drawing of a man leading white horses with the title ""BOOK OF GREEK MYTHS"""
044041072X.jpg,"drawing of a boy grabbing a jar with sweets and the title ""The candy corn contest"""
0440417384.jpg,"drawing of a girl holding a blade and a dog with the title ""Tasty Baby Belly Buttons"""
0448405172.jpg,"drawing of planets with the title ""WHAT'S OUT THERE? A Book About Space"""
0448421828.jpg,"picture of people celebrating with the title ""U.S. Soccer Superstars"""
0448421917.jpg,"drawing of a bear opening a present by a Christmas tree with the title ""Corduroy's CHRISTMAS SURPRISE"""
0448424851.jpg,"drawing of a woman and a baby with the title ""Who Was Sacagawea?"""
0448425971.jpg,"drawing of a submarine with the title ""Civil War Sub The Mystery of the Hunley"""
0448426757.jpg,"drawing of a woman with a headdress with the title ""Who Was Maria Tallchief?"""
0448435683.jpg,"drawing of two adults and three kids with the captions ""Dick and Jane"" and ""Fun with Our FAMILY"""
0448437678.jpg,"drawing of a karate girl with the title ""KATIE KAZOO, SWITCHEROO Karate Katie"""
0448444828.jpg,"drawing of a girl with a book and the title ""Who Was Anne Frank?"""
0448445409.jpg,"drawing of a man with a red cap followed by horses and the title ""Who Was Marco Polo?"""
0448448580.jpg,"drawing of a pumpkin and a black cat with the title ""My First Halloween"""
0448448599.jpg,"drawing of a chandelier with nine candles and the title ""My First Chanukah"""
0448448637.jpg,"drawing of two dressed rabbits with the title ""Happy Halloween"""
0448454424.jpg,"drawing of a woman sitting in a bus with the title ""Who Was Rosa Parks?"""
0448455854.jpg,"drawing of a man with glasses in an office with the title ""Who Was Dr. Seuss?"""
0448458551.jpg,"drawing of a man and a crowd with the title ""¿Quién fue Martin Luther King, Jr.?"""
0448462427.jpg,"drawing of a girl and two ghosts with the title ""The HAUNTED LIBRARY"""
0448462877.jpg,"drawing of a man and a crowd with the title ""Who Was the March on Washington?"""
0448463326.jpg,"drawing of a man with glasses holding a notebook with the title ""Who Is Bill Gates?"""
0448464624.jpg,"drawing of a man in a vessel with the title ""What Was Pearl Harbor?"""
0448467976.jpg,"picture of a black and grey cat with the title ""Magic Kitten"""
0448478633.jpg,"drawing of a woman in a crop field with the title ""Who Is Michelle Obama?"""
0448479036.jpg,"drawing of a man with books and the title ""Who Was Louis Braille?"""
0448479133.jpg,"drawing of a man by an apple tree with the title ""Who Was Isaac Newton?"""
0448479389.jpg,"drawing of a woman with a headdress and animals with the title ""Who Was Frida Kahlo?"""
0448479451.jpg,"drawing of a man with a hat in a horse and the title ""Who Was Theodore Roosevelt?"""
0448479559.jpg,"drawing of a boxer man with the title ""Who Is Muhammad Ali?"""
0448480832.jpg,"drawing of a man with a headdress in a street with the title ""Who Was Julius Caesar?"""
0448481529.jpg,"drawing of a boy and a frog with the title ""Here's HANK"""
0448482355.jpg,"drawing of a man by a river in a jungle with the title ""Who Was Gandhi?"""
0448483041.jpg,"drawing of a woman with fire in the background with the title ""Who Was Joan of Arc?"""
0448483084.jpg,"drawing of a pirate with black beard with the title ""Who Was Blackbeard?"""
0448484242.jpg,"drawing of a bridge by a river with the title ""Where Is the Brooklyn Bridge?"""
0448486776.jpg,"drawing of a man drawing with the title ""Who Is Jeff Kinney?"""
0448487128.jpg,"drawing of two adults and two kids celebrating with the title ""The Night Before the Fourth of July"""
0448488531.jpg,"drawing of a woman sitting in an office with the title ""Who Was Maya Angelou?"""
0471219819.jpg,"drawing of a pyramid with a man with a headdress and the captions ""SECRETS OF ANCIENT CULTURES"" and ""THE MAYA"""
0471310115.jpg,"drawing of people with the title ""201 AWESOME, MAGICAL, BIZARRE & INCREDIBLE EXPERIMENTS"""
0486260526.jpg,"drawing of a giraffe with the title ""Zoo Animals Stained Glass Coloring book"""
0486264033.jpg,"drawing of two monkeys with the title ""LITTLE ZOO ANIMALS Coloring Book"""
0486264564.jpg,"drawing of an eagle and red roses with the title ""STATE BIRDS AND FLOWERS Coloring Book"""
0486269515.jpg,"drawing of women with the title ""America's First Ladies Coloring Book"""
0486286118.jpg,"drawing of a boy riding a goose over a land with the title ""THE WONDERFUL ADVENTURES OF NILS"""
0486286541.jpg,"drawing of flowers in a vase with the title ""Floral Bouquets"""
0486410331.jpg,"drawing of a cliff by the sea with the title ""Seashore Plants and Animals Coloring Book"""
0486420906.jpg,"drawing of a lion with the title ""ZOO ANIMALS DOT-TO-DOT"""
0486423697.jpg,"drawing of cacti in the desert with the title ""The Sonoran Desert by Day and Night"""
0486423883.jpg,"drawing of a fairy with white flowers and the title ""Garden Fairies"""
0486433315.jpg,"drawing of five pigs with the title ""Baby Animals coloring book"""
0486437043.jpg,"drawing of men in a ship by the sea with the title ""VIKING GODS AND HEROES"""
0486440095.jpg,"drawing of two trains with the title ""FAMOUS TRAINS"""
0486440532.jpg,"drawing of a man in a horse and a dog with the title ""TALES OF THE NORSE WARRIOR GODS"""
0486441032.jpg,"drawing of two animals in a car by a beach with the title ""ON THE GO MAZES"""
0486468933.jpg,"drawing of an elephant with the title ""How to Draw ANIMALS"""
0486499502.jpg,"drawing of a man and a woman dancing with the title ""FASHIONS OF THE ROARING TWENTIES"""
0486780333.jpg,"drawing of an owl with the title ""OWLS Coloring Book"""
0516041851.jpg,"picture of a man holding a trophy with the title ""MICHAEL CHANG Tennis Champion"""
0516207377.jpg,"picture of the entrance of a house entrance with the title ""FORM MUD TO HOUSE"""
0516211366.jpg,"picture of a green and white background with the title ""Learning about Bees from Mr. Krebs (Our Neighborhood (Childrens Press Hardcover))"""
0516246666.jpg,"picture of two kids holding a cage with a rabbit and the title ""What Is Mass?"""
0516258427.jpg,"picture of a light bulb and the title ""All About Light"""
0516263528.jpg,"drawing of a musical organ and musical notes with the title ""JOHANN SEBASTIAN BACH"""
051626401X.jpg,"drawing of two persons and a horn with the caption ""JOHN PHILIP SOUSA"""
051626415X.jpg,"picture of a beach with a rainbow and the title ""All the colors of the rainbow"""
0516273779.jpg,"picture of two boys with the title ""Ramadan"""
0516445391.jpg,"drawing of a musical organ and musical notes with the title ""GEORGE HANDEL"""
0521752418.jpg,"drawing of different colorful animals with the title ""The Chinese New Year"""
0525428518.jpg,"drawing of a girl in a flower field with the title ""I am Helen Keller"""
0525443088.jpg,"drawing of a dog with a blanket in a bed with the title ""SNUGGLE PIGGY AND THE MAGIC BLANKET"""
0525446443.jpg,"drawing of a bus in the street with people and the title ""The WHEELS on the BUS"""
0525457232.jpg,"drawing of different animals with the title ""The Complete TALES of Winnie-the-Pooh"""
0525461671.jpg,"drawing of a castle, a queen, a king, and a dragon with the title ""The WORLD of KING ARTHUR and HIS COURT"""
0525462694.jpg,"drawing of a boy holding an eagle with the title ""MY SIDE OF THE MOUNTAIN TRILOGY"""
0525479031.jpg,"drawing of two men by a table with the title ""WORST of FRIENDS"""
0525672834.jpg,"drawing of a man and a woman by a door with ducks and the title ""The Tale of the Mandarin Ducks"""
0525674675.jpg,"picture of a red and white background with the title ""The Ancestor Tree"""
0531068129.jpg,"drawing of a tree tip with a bird in the sky and the title ""Iktomi and the Buzzard"""
0531070689.jpg,"drawing of a blue dragon holding a cat and the title ""DRAGON'S Fat Cat"""
0531118355.jpg,"picture of a girl with a chandelier and the title ""Diwali"""
0531123588.jpg,"drawing of ancient people in red frames with the title ""THE ANCIENT INCA"""
0531123936.jpg,"draiwng of an explorer with a metallic hat with the title ""You Wouldn't want to explore with Sir Francis Drake!"""
053114464X.jpg,"picture of a black and green background with the title ""Motorcycles (Worldwise)"""
0531147819.jpg,"picture of a city in an island with the title ""TRUE Ellis Island"""
0531169006.jpg,"drawing of alarmed people with an erupting volcano and the title ""You Wouldn't Want to Live in Pompeii!"""
0531187454.jpg,"drawing of a man and a woman holding blades and the title ""You Wouldn't want to be an Aristocrat in the French Revolution!"""
0531187691.jpg,"pictures of two man and a girl holding a toy with the title ""The Scopes Trial"""
053120426X.jpg,"picture of a girl riding a horse with the title ""Let's Talk Riding"""
0531205185.jpg,"drawing of a rhyno and two persons running with the title ""You Wouldn't want to explore with Marco Polo!"""
0531208338.jpg,"pictures of women and a house with the title ""Ellis Island"""
0531212890.jpg,"picture of The Last Supper with the title ""LEONARDO DA VINCI"""
0531216225.jpg,"picture of a yellow school bus with the title ""School Buses"""
0531216640.jpg,"picture of two girls and two boys with the title ""THE CAST OF GIRL MEETS WORLD"""
0531219674.jpg,"picture of the outline of a face with digits and the title ""INTERNET INVENTORS"""
0531228525.jpg,"drawing of a woman and a man with the title ""You Wouldn't want to be sick in the 16th Century!"""
0531236056.jpg,"picture of two persons carrying Mexico and USA flags with the title ""THE UNITED STATES AND MEXICO"""
0531245047.jpg,"drawing of a chained man with the title ""You Wouldn't want to be in a Medieval Dungeon!"""
0531247104.jpg,"picture of trees and colorful paper sheets with the title ""Trees to paper"""
0531252299.jpg,"picture of a Mayan stone figure with the title ""The Ancient Maya"""
0531262154.jpg,"picture of a pin with the caption ""VOTE"" and the title ""Voting"""
0531276724.jpg,"picture of war tanks and the title ""TIANAMNMEN SQUARE IN CHINA"""
0531280284.jpg,"drawing of two men in the floor with the title ""You Wouldn't want to be a Roman Gladiator!"""
0543912124.jpg,"picture of a yellow abstract background with the title ""PETITE PRINCESSE"""
054403256X.jpg,"drawing of a stick and a stone with the title ""Stick and stone"""
0544050509.jpg,"drawing of a man in a black suit and a black hat with the title ""Grandfather's Journey"""
0544099990.jpg,"picture of a wave hitting a cliff with the title ""The Next Wave"""
0544105125.jpg,"drawing of a part of a clock with the title ""About TIME"""
0544159039.jpg,"drawing of a zebra, an elephant, a lion, and a turtle with the title ""HOORAY FOR HAT!"""
0544232704.jpg,"picture of an octopus with the title ""THE OCTOPUS SCIENTISTS"""
0544320417.jpg,"drawing of a blue car by a Christmas tree with animals and the title ""Little Blue Truck's Christmas"""
054438072X.jpg,"drawing of a children's play area with a lot of kids and the captions ""Where Is Curious George? A LOOK-AND-FIND BOOK"" and ""AROUND THE TOWN"""
0544416643.jpg,"picture of a white building by the mountains and the title ""INSIDE BIOSPHERE 2"""
0544502698.jpg,"drawing of a brown duck surrounded by red hearts and the title ""Ollie's Valentine"""
0544652266.jpg,"drawing of a monkey, a man with yellow suit, a kid and the moon with the title ""IT'S RAMADAN, Curious George"""
0545042208.jpg,"drawing of yellow triangle with a face dancing and the title ""The GREEDY Triangle"""
0545043611.jpg,"drawing of a man by a sleigh with reindeer and the title ""THERE WAS AN OLD LADY WHO SWALLOWED A BELL!"""
0545077974.jpg,"drawing of a black duck and a small yellow duck with the title ""A Cuddle for Little Duck"""
0545093155.jpg,"drawing of a wolf and a bear with the title ""WOLVES OF THE BEYOND WATCH WOLF"""
0545093171.jpg,"drawing of a wolf in a starry night with the title ""WOLVES OF THE BEYOND FROST WOLF"""
0545093341.jpg,"picture of a hand holding a sword and the title ""HERE LIES ARTHUR"""
0545108551.jpg,"picture of a girl with a dress and the title ""RUBY BRIDGES GOES TO SCHOOL"""
0545121191.jpg,"drawing of a big Christmas tree and two mouses with the title ""The Biggest Christmas Tree Ever"""
0545129311.jpg,"drawing of a dog surrounded by trash and the title ""Gregory, the Terrible Eater"""
0545143144.jpg,"drawing of a happy dinosaur holding two persons and the title ""How Do Dinosaurs Say I Love You?"""
0545156645.jpg,"picture of two kids running in a forest and the title ""HTE MADMAN OF PINEY WOODS"""
0545174775.jpg,"drawing of a pink cupcake with a cherry on top and the title ""The Baby-Sitters Club"""
0545208858.jpg,"drawing of a boy, a girl, a fox, and an airship in the sky with the title ""AMULET"""
0545208890.jpg,"drawing of a girl, a boy, two men, and a monster in the sky with the title ""AMULET"""
0545214076.jpg,"drawing of colorful lighted candles with the title ""Hanukkah A counting book"""
0545215951.jpg,"drawing of a ghost costume by a house in the night with the title ""Clifford's Halloween"""
054521596X.jpg,"drawing of a big red dog in the roof of a house with Santa Claus and the title ""Clifford's Christmas"""
0545222680.jpg,"drawing of a man holding a flag and a man holding a feather with the title ""Those Rebels, John & Tom"""
0545235146.jpg,"drawing of a dressed gingerbread man and the title ""The Gingerbread Man"""
0545236533.jpg,"drawing of dinosaurs playing musical instruments and the title ""How Do Dinosaurs Play All Day?"""
0545274435.jpg,"drawing of colorful animals by a vase with plants and the title ""Green Shamrocks"""
0545290791.jpg,"picture of a black background with words in white and the title ""cut"""
0545361591.jpg,"drawing of a phoenix with flames and the title ""THE CHRONICLES OF AVANTIA FIRST HERO"""
0545383730.jpg,"picture of a hand selecting icons on a digital screen and the title ""TECHNOLOGY"""
0545405750.jpg,"drawing of Albert Einsten and the title ""I Am Albert Einstein"""
0545427967.jpg,"pictures of different animals and the title ""101 ANIMAL RECORDS"""
0545459389.jpg,"drawing of a boy running from a war tank and the title ""I Survived"""
0545480299.jpg,"drawing of comic superheroes with the title ""SUPER HEROES LAST LAUGH!"""
054548443X.jpg,"drawing of a hanging grey pig with the title ""Boris on the move"""
0545498619.jpg,"drawing of a pink pig and animals with the captions ""PeppaPig STICKER STORYBOOK"" and ""Fun with Friends"""
0545533643.jpg,"drawing of two happy white mice with the title ""Dreidel, Dreidel, Dreidel!"""
0545540879.jpg,"drawing of cows with glasses and eating popcorn with the title ""Get the GIGGLES"""
0545540895.jpg,"drawing of a house with big windows and the title ""The White House"""
0545603323.jpg,"picture of a shark and a shark's tooth with the title ""SHARKS!"""
0545623952.jpg,"drawing of a boy in an school hallway with the title ""Eerie Elementary The Locker ATE Lucy!"""
0545626781.jpg,"drawing of an orange mouse holding a brush with blue paint and the title ""Hot Rod Hamster AND THE WACKY WHATEVER RACE!"""
0545637082.jpg,"drawing of a girl in a dress with a yellow horse and the title ""THE PRINCESS AND THE PONY"""
0545646286.jpg,"drawing of a blue dragon with two kids and the title ""DRAGON MASTERS SECRET OF THE WATER DRAGON"""
0545655994.jpg,"drawing of a colorful airplane by the sea with the title ""The Magic School Bus and the Climate Challenge"""
0545661684.jpg,"drawing with a girl in a white dress and rabbits on a field with the title ""The Rescue Princesses"""
0545669111.jpg,"picture of a smiling man with the title ""NELSON MANDELA NO EASY WALK TO FREEDOM"""
054567350X.jpg,"picture of a man holding a basketball with the title ""I Am LeBron James"""
054567493X.jpg,"drawing of a boy with a baseball bat below the caption ""LITTLE Rhino"""
0545674964.jpg,"drawing of a boy with a baseball team below the caption ""LITTLE Rhino DUGOUT HERO"""
0545679494.jpg,"picture of different persons and the title ""2015 ALMANAC FOR KIDS"""
0545685346.jpg,"drawing of a green dragon and the title ""WINGS OF FIRE"""
0545685370.jpg,"drawing of a blue dragon with the title ""WINGS OF FIRE"""
0545734096.jpg,"drawing of a boy holding a white cat and the title ""BOB BOOKS First Stories"""
0545747759.jpg,"drawing of a rabbit, a pig, and a cat wearing tutus with the title ""Ballet Lesson"""
0545823234.jpg,"drawing of a golden sword with the captions ""MINECRAFT"" and ""COMBAT HANDBOOK"""
0545826276.jpg,"drawing of a man, a woman, and a man in a wheelchair with the title ""SUPERSTARS of SCIENCE"""
0545831946.jpg,"drawing of a girl in a light circle with the captions ""DAVID BALDACCI THE KEEPER"""
0545834910.jpg,"drawing of two pigs swimming with the title ""Peppa Goes Swimming"""
0545835542.jpg,"drawing of two mice dressed in front of a house and the title ""MOUSE HOUSE HUNTER"""
0545847303.jpg,"picture of books with skeletons in the cover and the title ""Goosebumps"""
054585184X.jpg,"picture of a man wearing dark glasses and the title ""WARRIORS The GREATEST Fighters in History"""
0545860539.jpg,"picture of a blue background with the caption ""THE SURVIVAL GUIDE TO BULLYING"""
0545862612.jpg,"drawing of a girl singing and picture of a woman with the title ""WHEN I GROW UP Taylor Swift"""
0545891469.jpg,"drawing of an elephant and two pigs with toys and the title ""Dentist Trip"""
0547014341.jpg,"drawing of a sword stuck in water with the title ""Parsifal's Page"""
0547014848.jpg,"drawing of a man holding a stick with the title ""The Quest of the Fair Unknown"""
0547053444.jpg,"picture of elephants with the title ""ELEPHANT SCIENTITS"""
0547144202.jpg,"drawing of a knight with a shield and a sword with the title ""The Legend of the King"""
0547237650.jpg,"picture of a lemonade glass with the title ""The Lemonade War"""
0547238630.jpg,"drawing of a monkey with a red hat and snowflakes with the title ""Curious George Christmas Countdown"""
0547248296.jpg,"drawing of a man working in a table with the title ""SNOWFLAKE BENTLEY"""
0547315813.jpg,"picture of a barrel falling from a waterfall with the title ""QUEEN OF THE FALLS"""
