0060086521.jpg	"drawing of a boy and a girl in the snow with the title "" his daughter """
0060099453.jpg	"drawing of a mouse by a christmas tree with the title "" merry christmas, amelia berenia """
0060283262.jpg	"drawing of a pig with balloons and the title "" if you give a pig a party """
0060530898.jpg	"drawing of children with animals in the toilet with the title "" where's in the poop? """
0062060090.jpg	"drawing of a red monster with the title "" i am breakfast """
0062110624.jpg	"drawing of a cat with a red hat and presents with the title "" pete cat saves christmas """
0062110721.jpg	"drawing of a cat and a beach with the title "" pete the cat at the beach """
0062221337.jpg	"drawing of two animals dancing in a garden with the title "" i love it when you smile """
0062270818.jpg	"drawing of a blue door and the title "" the curious house """
0078807239.jpg	"picture of different objects with the title "" chemistry """
0131891839.jpg	"drawing of a house in a garden with the title "" children's literature """
0142414603.jpg	"picture of a boy with a helmet and the title "" safe love """
0147513200.jpg	"drawing of a white dragon and a blue monster with the title "" dragonheath """
0147514940.jpg	"picture of two players with the title "" fantasy league """
0152046968.jpg	"picture of a boy and a boy with the title "" pacific """
0152427309.jpg	"drawing of a man, two girls, and a cat with the title "" in the bathtub """
0199105332.jpg	"drawing of people in a building by a door with the title "" holy land """
0312492510.jpg	"picture of different objects and the title "" learn to write your letters abc """
031251459X.jpg	"picture of planets with the title "" space """
0316011185.jpg	"pictures of olympic athletes and the title "" the olympic olympics """
0316080209.jpg	"picture of a building with smoke and the title "" ghost liners """
031612236X.jpg	"drawing of two rabbits with the title "" all kinds of kisses """
0316142239.jpg	"picture of a skateboarder with the title "" on the armless skateboard with... on the edge of.. """
031620692X.jpg	"drawing of a face with glasses and the title "" i penny a middle school story """
0316853127.jpg	"drawing of a fair with people and animals at the gate "" cournie fair """
0374301115.jpg	"drawing of a red tractor and a pumpkin with the title "" tractor harvest time """
0375803467.jpg	"drawing of a boy with a striped shirt and the title "" the life of ocalae """
0375814043.jpg	"drawing of a train and the title "" thomas'magnets playbook """
0375844422.jpg	"drawing of a person riding a bicycle with the title "" the terrible screech """
0375870202.jpg	"drawing of a boy and a wolf with the title "" jackal """
0385376162.jpg	"drawing of a fox in a green field with the title "" the fox won't out on a chilly night """
0385384440.jpg	"drawing of animals with the title "" pups to the rescue! """
038575583X.jpg	"drawing of a girl with a red hood and a basket in a forest with the title "" red """
0394826817.jpg	"drawing of a pig, a pig, and a cat eating with the title "" richard scarry's please and thank you book """
0395349249.jpg	"drawing of a man riding a horse by a river with the title "" smokey """
0395621550.jpg	"drawing of two birds in a nest with the title "" the magic of the magbs nest """
0431186367.jpg	"picture of children and the title "" my diwali """
0439669960.jpg	"picture of a boy with striped pajamas and the title "" survival stories true stories of children """
0439770831.jpg	"drawing of a boy in a desk with the title "" school dictionary of indians """
0448464616.jpg	"drawing of a woman's face in a city with the title "" bob birkle """
0448479532.jpg	"drawing of a woman with the title "" once a barbell """
0486401448.jpg	"drawing of a man and a woman with a shield and the title "" fashions """
048647285X.jpg	"drawing of two robots with hats and the title "" de mures """
0516271717.jpg	"drawing of a woman with her face in a frame with the title "" dork lage """
0525428119.jpg	"drawing of two cats and a cat with the title "" mr. pants trick or feet! """
0531212726.jpg	"picture of a woman with a red dress and the title "" serena grande """
0531220559.jpg	"drawing of a boy holding a book with the title "" you wouldn't want to live without the internet! """
0531222098.jpg	"drawing of a man and a woman in a bed with the caption "" thomas edison """
0531281574.jpg	"picture of two adults and a child with the title "" immigration """
0544340477.jpg	"drawing of a girl with a red background and the title "" mary poppies """
0544568052.jpg	"drawing of a blue car in a city with the title "" little blue truck leads the way """
0545130484.jpg	"drawing of a boy holding a flask with the title "" science fair hopi """
0545206944.jpg	"drawing of a ship sinking in the sea with the title "" the sinking of the titanic """
0545348307.jpg	"picture of a dolphin with the title "" winter's tail """
0545393876.jpg	"drawing of a scarecrow with bats and the title "" scarecrow """
0545416787.jpg	"drawing of a dinosaur holding a garland with the title "" how do dinosaurs say merry christmas? """
0545433878.jpg	"drawing of a boy holding a turtle and the title "" my turtle and me """
0545509157.jpg	"drawing of a girl in a yellow dress and a cat with the title "" princesses """
0545556740.jpg	"picture of a girl dancing with the title "" going for gold """
0545663849.jpg	"drawing of two masked men and a green dragon with the title "" cyber strike! """
0545700272.jpg	"picture of a black dog with a blue ball below the title "" ayunch of stars """
0545820111.jpg	"drawing of a green and brown cube with the caption "" minecraft blockia """
0547318367.jpg	"picture of a building with the title "" civic impassion """
0553510851.jpg	"drawing of dogs and a man with the title "" bat of the blue dawn """
0553533967.jpg	"drawing of a skeleton with a hat and the title "" skull of spooky & spooky halloween stories """
0553536923.jpg	"drawing of a dinosaur with the caption "" the park is open """
0578135108.jpg	"drawing of two men and a girl holding a flag with the title "" veterans heroes in our neighborhood """
0613721209.jpg	"drawing of a boy and a girl dressed in green with a dog and the title "" st. patrick's day """
0618065679.jpg	"drawing of a man with a hat and a train with the title "" curious george takes a train """
0618225706.jpg	"drawing of a colorful bird and the title "" reading """
061825627X.jpg	"drawing of a bulldozer and a house with the title "" mike mulan and more """
0618428852.jpg	"drawing of a ship and a compass with the title "" social studies """
0618603875.jpg	"drawing of a brown kangaroo and a mouse with the title "" curious george """
0679423133.jpg	"drawing of a woman with a dress and the title "" ballerina """
0679847596.jpg	"drawing of girls and colorful shoes with the title "" ballet shoes """
0684922967.jpg	"drawing of two men and a woman with red clothes with the title "" stone soup """
0688135765.jpg	"drawing of children and a man in a stairs with the title "" shortcut john crews """
0689806272.jpg	"drawing of a girl holding a basket with apples and the title "" elizabethan """
0689815565.jpg	"drawing of two adults and a child with the title "" kwanzaa """
0689839294.jpg	"drawing of a helicopter with the title "" pickles to pittsburgh """
0689851928.jpg	"drawing of people holding a flag and the title "" america a patriotic primer """
0689858817.jpg	"drawing of a chicken with the title "" chicken nukina """
0689859228.jpg	"drawing of a man with a plaid shirt and the title "" man's face """
0714863890.jpg	"drawing of a bird in the sky with the title "" architecture """
0736430512.jpg	"drawing of a girl in blue dress and a snowman with the title "" frozen """
0736430806.jpg	"drawing of a boy and a dinosaur with the title "" the good dinosaur """
0736809260.jpg	"picture of a person with a helmet and the title "" the major league of the cinereousos """
0746020619.jpg	"drawing of two warriors with the title "" king arthur """
0753453045.jpg	"drawing of a dog on a red tractor with the title "" shining diggingrs """
0756545102.jpg	"picture of men with hats and the title "" breaker boys """
075669289X.jpg	"picture of a leopard with the title "" touch and feel jungle animals """
0761149120.jpg	"drawing of a lion with the title "" dream quest workbook """
0761444068.jpg	"picture of a red tractor with the title "" amazing tractors """
0761444831.jpg	"drawing of a man and a woman with red clothes below the title "" the renaissance """
0762432195.jpg	"drawing of a rabbit and a rabbit with the title "" beer rabbit """
0763632473.jpg	"drawing of a baby with a red hat holding a yellow cat and the title "" fa la """
0763652326.jpg	"drawing of a pig in a car with the title "" mercy wilson """
0763654116.jpg	"drawing of different colorful objects with the caption "" the junie fuzzy """
0763660701.jpg	"drawing of a man with black suit and a girl below the caption "" jump back, paul """
0763669288.jpg	"picture of a crowd with the title "" beyond courage """
076601777X.jpg	"drawing of a man holding a stick with the title "" st. patrick's day """
0766033031.jpg	"picture of a girl dancing with the title "" experiments """
077105629X.jpg	"drawing of a boy in a boat by the river with the title "" murder at hockey camp """
0778712370.jpg	"picture of airplanes and a helicopter with the title "" crisis """
0778766292.jpg	"picture of a golden egyptian head and a woman with the title "" ancient egypt """
0778783049.jpg	"picture of a yellow bulldozer and the title "" bulldozers para paver """
0781430747.jpg	"drawing of children and the caption "" jesus loves the little children """
0785166084.jpg	"drawing of a man with weapons and the title "" warriors """
0792266749.jpg	"picture of a tree and two trees with orange leaves with the title "" a tree for seasons """
0794430120.jpg	"picture of a green tractor with the title "" my giant tractor """
0794506674.jpg	"drawing of men with hats and the title "" forty three thieves """
0802775764.jpg	"drawing of a girl holding a stick in a forest with the title "" the good place """
0803733577.jpg	"drawing of a bird on a tree with apples and the title "" the three days of christmas """
0803741367.jpg	"drawing of children and a cat with the title "" human people into the world """
080508990X.jpg	"drawing of a bear and a baby bear with the title "" baby bear, baby bear, what do you see? """
0807534218.jpg	"drawing of a boy with a hat and a horse in a garden with the title "" how do you lift a ladder """
0811817156.jpg	"drawing of two mice in the sky and the title "" animals who snowboard """
081605889X.jpg	"picture of a woman holding a racket with the title "" althea gibson """
0823413934.jpg	"picture of a boy holding a golden dragon and the title "" celebrating chinese new year """
0824603540.jpg	"drawing of a boy holding a book with the title "" the david child's first book of why """
0874834228.jpg	"picture of a red fish with the title "" wonderful tales from around the world """
0877796769.jpg	"drawing of a giraffe, a man, and animals with the title "" merman's elementary dictionary """
0887276407.jpg	"picture of different chinese objects and the title "" level 1 """
0888998074.jpg	"drawing of a man with a blue hat and colorful clothes with the title "" drawing of a man with the title "" in the middle """
0937822833.jpg	"drawing of a man with hat and working with the title "" tie up, """
0974547700.jpg	"drawing of a jungle with the title "" nauuuu auuuuuuu """
0979851114.jpg	"drawing of children running in a flower field with the title "" girls who love to run """
0991300319.jpg	"drawing of a woman with a red dress and a book of very serious questions with the title "" who are you? a book of very serious questions """
1107615593.jpg	"picture of a man and a woman with the title "" ohmi """
1250056942.jpg	"drawing of a boy and a girl in a starry night with the title "" a wrinkle in time """
1404803483.jpg	"drawing of a girl with a pink dress and the title "" motion """
140952230X.jpg	"drawing of two men with yellow clothes and the title "" usborne illustrated adventure stories """
141698514X.jpg	"drawing of a cat and a cat with the title "" erithe have you seen my cat """
1421550059.jpg	"drawing of children and animals with the title "" pokemon black and white """
1423142004.jpg	"drawing of two men in a horse and a lightning with the title "" the mark of althea """
1426308051.jpg	"picture of a tiger with the title "" everything cats """
142631020X.jpg	"drawing of a dog with the title "" weird but true! """
142631518X.jpg	"picture of a woman holding a camera and a monkey with the title "" the wild life of jane gorg gorg """
1429692669.jpg	"drawing of a tent by a river and the title "" camping for kids """
1434227804.jpg	"drawing of a football player and the caption "" speeder """
1434297330.jpg	"drawing of a woman with a golden cape and the title "" wonder woman """
1435855027.jpg	"drawing of people and a man in a boat with the title "" viking """
1442403527.jpg	"picture of a girl holding a basket with fruits and the title "" it's harvest time! """
1442412704.jpg	"drawing of people playing basketball and the title "" dream big """
1442472898.jpg	"drawing of two men and a girl in a train with the title "" the four bounds """
1452143196.jpg	"drawing of a green caterpig with the title "" cupcake kit """
146541729X.jpg	"picture of a red magnet with the title "" 2nd grade science """
1467713120.jpg	"picture of a girl dancing with the title "" baby bump """
146774493X.jpg	"picture of an american football player with the title "" j. j. watt """
1477550291.jpg	"drawing of a girl in a hill and a house with the title "" compostable fairy tales """
1479571660.jpg	"drawing of the eiffel tower by the river with the title "" the eiffel tower """
1481435779.jpg	"drawing of a green turtle with the title "" erobot the folk turtle """
148472495X.jpg	"drawing of a man and a star wars with the title "" star wars """
1495929426.jpg	"drawing of a girl with a red dress and a butterfly with the title "" am i small? """
1508901015.jpg	"drawing of a girl with a red dress and a butterfly with the title "" am i small? egg sum? """
1517720621.jpg	"picture of a head with the title "" masseiur "" and "" birth of an ancient king """
1550417649.jpg	"picture of a street with buildings and the title "" que quebec """
1558747435.jpg	"drawing of a girl with a headdress and the title "" kiss of god """
155885424X.jpg	"drawing of people holding a flag and the title "" the struggle for justice """
1560653299.jpg	"picture of a chandelier with candles and the title "" kwanzaa """
1561380628.jpg	"drawing of animals with the title "" american folk tales """
1563832747.jpg	"drawing of an elephant, a turtle, and a turtle in a red door with the title "" but no elephants """
1570916969.jpg	"drawing of a pumpkin with the title "" calaveras """
1572551348.jpg	"drawing of a colorful dragon and the title "" the dancing dragon """
1575054876.jpg	"drawing of a man running and the title "" owen """
1579121640.jpg	"drawing of people with faces and the title "" read - loud ancient myths and legends """
1580132618.jpg	"drawing of a man in a river and the title "" the secret of priest's grotto """
1583942335.jpg	"image of karate people with the title "" the kid's karate workbook """
1587215365.jpg	"picture of a green background with the title "" dromedary """
1589251520.jpg	"drawing of a green crocodile with the captions "" danger! "" and "" dangerous! """
1596439319.jpg	"drawing of a green airplane and the title "" special delectable """
1601590393.jpg	"drawing of a green dinosaur and the title "" big letter express """
1602130620.jpg	"drawing of a man with glasses and children with the title "" but i read it on the internet! """
1606945521.jpg	"drawing of people in a boat with the title "" ellis island """
1616892706.jpg	"drawing of a city with the caption "" city """
1624034063.jpg	"picture of race cars with the title "" nascar """
1626722153.jpg	"drawing of a toilet bowl and the title "" toilet how it works """
1627389512.jpg	"drawing of a blue superhero with the title "" sonic the battleman """
162832113X.jpg	"picture of a camel with the title "" camels """
1770492550.jpg	"drawing of two kids and a girl holding a flag by a road with the title "" he canada! """
1783120088.jpg	"drawing of soccer players with the title "" liverpool fc ultimate junior red book """
1856978656.jpg	"drawing of a yellow truck with the title "" cranes """
1869487192.jpg	"drawing of people and a man with a dog and the caption "" a history of new zealand """
1897522592.jpg	"picture of two boys and a helmet with the title "" dude, where's your helmet? """
1908985348.jpg	"drawing of people riding a bus and the title "" transportation """
1909263087.jpg	"drawing of a smiling girl with the title "" wild """
1939352541.jpg	"drawing of a woman holding a golden sculpt with the title "" dan hero """
9380028768.jpg	"drawing of a man with the title "" steedelvias """
9509080004.jpg	"drawing of a bird with the title "" artemis fowl """
9683803148.jpg	"drawing of a man and a woman with red hat and a mexican man with the title "" my precharosa del mexico """